Citizenship,Total Mbrs (M),Total Mbrs (F),Mbrs Abv BC (M),Mbrs Abv BC (F),Mbrs Succ (M),Mbrs Succ (F),Hired Succ,Mbrs Dead (M),Mbrs Dead (F),Hired Dead,
0,0,0,0,0,0,0,0,0,0,0,
Afghanistan/USA,1,0,1,0,1,0,0,0,0,0,
Albania,6,0,6,0,6,0,0,0,0,0,
Algeria,4,0,4,0,1,0,0,0,0,0,
Andorra,5,2,5,2,1,0,0,0,0,0,
Argentina,62,7,57,5,33,4,0,0,0,0,
Argentina/Canada,2,0,2,0,2,0,0,0,0,0,
Armenia,1,0,1,0,1,0,0,0,0,0,
Australia,283,63,252,51,120,25,0,4,2,0,
Australia/New Zealand,0,1,0,1,0,1,0,0,0,0,
Australia/USA,1,0,1,0,0,0,0,0,0,0,
Austria,211,31,184,30,87,7,0,3,0,0,
Austria/Italy,1,0,1,0,1,0,0,0,0,0,
Azerbaijan,5,1,5,1,2,1,0,0,0,0,
Azerbaijan/Russia,2,0,2,0,2,0,0,0,0,0,
Bahrain,15,0,14,0,10,0,0,0,0,0,
Bangladesh,9,3,9,3,6,2,0,1,0,0,
Belarus,7,2,7,2,5,2,0,0,0,0,
Belgium,73,7,68,6,18,4,0,1,0,0,
Bhutan,3,0,3,0,2,0,0,0,0,0,
Bolivia,5,0,5,0,3,0,0,0,0,0,
Bosnia-Herzegovina,4,0,4,0,1,0,0,0,0,0,
Bosnia-Herzegovina/USA,2,0,2,0,1,0,0,0,0,0,
Botswana,0,1,0,1,0,0,0,0,0,0,
Brazil,109,23,103,23,41,9,0,1,0,0,
Bulgaria,17,8,16,7,10,4,0,1,1,0,
Canada,361,63,309,50,145,25,0,2,1,0,
Canada/Macedonia,1,0,1,0,1,0,0,0,0,0,
Canada/Portugal,0,2,0,1,0,1,0,0,0,0,
Canada/Russia,2,0,2,0,1,0,0,0,0,0,
Canada/UK,1,0,1,0,0,0,0,0,0,0,
Canada/USA,1,0,1,0,1,0,0,0,0,0,
Chile,64,10,51,8,28,6,0,0,0,0,
China,962,217,887,193,587,158,292,4,0,0,
China/USA,0,1,0,1,0,1,0,0,0,0,
Colombia,38,4,36,4,9,4,0,0,0,0,
Costa Rica,4,4,4,4,1,1,0,0,0,0,
Croatia,17,13,15,11,3,4,0,0,0,0,
Cuba,2,0,2,0,1,0,0,0,0,0,
Cyprus,4,1,4,1,3,1,0,0,0,0,
Czech Republic,90,7,81,7,17,3,0,2,0,0,
Czechoslovakia,10,3,7,2,1,0,0,0,0,0,
Denmark,62,7,57,6,21,5,0,1,0,0,
Dominica,0,1,0,1,0,1,0,0,0,0,
Dominican Republic,6,0,6,0,2,0,0,0,0,0,
Ecuador,48,8,47,8,29,5,0,0,0,0,
Ecuador/Germany,1,0,0,0,0,0,0,0,0,0,
Egypt,2,1,2,1,2,1,0,0,0,0,
Egypt/UK,1,0,1,0,1,0,0,0,0,0,
El Salvador,0,2,0,2,0,1,0,0,0,0,
Estonia,14,6,14,5,6,4,0,0,0,0,
Finland,43,9,42,8,16,5,0,0,0,0,
France,364,76,341,74,133,21,0,4,0,0,
France/Algeria,1,0,1,0,1,0,0,0,0,0,
France/Madagascar,2,0,2,0,0,0,0,0,0,0,
France/Switzerland,1,0,1,0,1,0,0,0,0,0,
France/USA,2,0,2,0,1,0,0,0,0,0,
Georgia,23,1,20,1,11,1,0,0,0,0,
Germany,256,33,232,29,89,16,0,7,0,0,
Germany/UK,1,0,1,0,1,0,0,0,0,0,
Greece,30,6,27,5,13,3,0,0,0,0,
Guatemala,3,7,2,6,1,2,0,0,0,0,
Honduras,1,0,1,0,1,0,0,0,0,0,
Hong Kong,1,0,1,0,1,0,0,0,0,0,
Hungary,60,9,52,7,5,3,0,3,0,0,
Iceland,15,3,14,2,11,1,0,0,0,0,
India,1053,258,915,232,523,131,8,18,3,1,
India/Nepal,0,0,0,0,0,0,0,0,0,0,
Indonesia,39,4,32,4,9,3,0,0,0,0,
Iran,64,11,60,11,36,6,0,0,0,0,
Iraq,2,0,2,0,1,0,0,0,0,0,
Ireland,94,12,90,11,46,4,0,3,0,0,
Ireland/UK,10,1,10,1,8,1,0,0,0,0,
Israel,15,3,15,2,10,1,0,0,0,0,
Italy,275,18,252,16,76,5,0,2,0,0,
Japan,562,86,474,66,224,27,0,7,2,0,
Japan/China,1,0,1,0,1,0,0,0,0,0,
Jordan,4,0,4,0,1,0,0,0,0,0,
Kazakhstan,44,6,33,3,18,3,0,0,0,0,
Kenya,5,1,4,1,1,0,0,1,0,0,
Kosovo,2,3,2,3,2,3,0,0,0,0,
Kuwait,6,0,5,0,2,0,0,0,0,0,
Kyrgyz Republic,4,2,3,2,3,2,0,0,0,0,
Latvia,18,2,17,2,9,1,0,0,0,0,
Lebanon,6,3,5,3,3,3,0,0,0,0,
Lithuania,24,3,24,3,9,1,0,0,0,0,
Luxembourg,6,0,6,0,3,0,0,0,0,0,
Macedonia,6,1,6,1,3,1,0,1,0,0,
Malaysia,99,6,75,3,29,3,0,2,0,0,
Malta,8,0,7,0,7,0,0,0,0,0,
Mauritius,4,0,2,0,1,0,0,0,0,0,
Mexico,108,16,95,13,54,11,0,0,0,0,
Moldova,4,1,4,1,3,1,0,1,0,0,
Mongolia,25,11,25,10,16,4,0,2,0,0,
Montenegro,9,0,9,0,3,0,0,0,0,0,
Morocco,4,6,4,4,3,3,0,0,0,0,
Myanmar,8,0,3,0,2,0,0,0,0,0,
Nepal,461,120,417,116,241,95,6723,6,1,81,
Nepal/Australia,3,0,1,0,0,0,1,0,0,0,
Nepal/Canada,1,0,1,0,1,0,0,0,0,0,
Nepal/India,1,0,1,0,1,0,0,0,0,0,
Nepal/USA,3,0,3,0,3,0,0,0,0,0,
Netherlands,109,11,97,10,33,4,0,1,0,0,
New Zealand,203,30,173,19,94,11,0,3,0,0,
New Zealand/UK,1,0,1,0,1,0,0,0,0,0,
Norway,136,39,118,35,56,16,0,0,0,0,
Oman,4,1,3,1,2,1,0,0,0,0,
Pakistan,33,2,29,2,13,2,0,0,0,0,
Palestine,2,1,2,1,1,1,0,0,0,0,
Panama,1,0,1,0,1,0,0,0,0,0,
Paraguay/Germany,1,0,1,0,1,0,0,0,0,0,
Peru,16,2,14,2,5,1,0,0,0,0,
Philippines,26,4,16,4,8,3,0,1,0,0,
Poland,135,36,125,35,56,21,0,2,0,0,
Poland/Canada,1,0,1,0,1,0,0,0,0,0,
Portugal,11,2,8,2,4,1,0,0,0,0,
Qatar,2,4,2,4,2,1,0,0,0,0,
Romania,32,9,26,9,12,5,0,0,0,0,
Russia,461,56,424,49,244,38,0,9,0,0,
S Africa,103,25,83,18,35,10,0,0,0,0,
S Africa/Portugal,1,0,1,0,1,0,0,0,0,0,
S Africa/Ukraine,2,0,2,0,1,0,0,0,0,0,
S Africa/Zambia,0,4,0,3,0,1,0,0,0,0,
S Korea,515,39,462,33,118,9,0,11,0,0,
San Marino,4,0,4,0,1,0,0,0,0,0,
Saudi Arabia,3,2,3,2,3,2,0,0,0,0,
Saudi Arabia/USA,1,0,1,0,1,0,0,0,0,0,
Serbia,22,3,17,3,9,1,0,0,0,0,
Serbia/Jordan,0,1,0,1,0,1,0,0,0,0,
Singapore,41,16,37,13,15,8,0,1,0,0,
Singapore/Malaysia,1,0,1,0,0,0,0,0,0,0,
Slovakia,26,2,22,2,4,2,0,1,0,0,
Slovakia/USA,1,0,0,0,0,0,0,0,0,0,
Slovenia,25,2,24,1,12,0,0,1,0,0,
Spain,451,32,408,25,91,7,0,4,0,0,
Spain/Brazil,1,0,1,0,0,0,0,0,0,0,
Spain/USA,0,1,0,1,0,0,0,0,0,0,
Sri Lanka,2,1,2,1,1,1,0,0,0,0,
Sweden,92,11,83,11,39,5,0,1,0,0,
Switzerland,209,42,188,40,69,16,0,2,0,0,
Switzerland/Greece,1,0,1,0,1,0,0,0,0,0,
Syria,1,0,1,0,1,0,0,0,0,0,
Taiwan,53,12,49,11,11,5,0,2,0,0,
Tajikistan,1,0,1,0,1,0,0,0,0,0,
Tanzania,1,1,1,1,1,1,0,0,0,0,
Thailand,22,4,15,4,4,2,0,0,0,0,
Trinidad & Tobago,0,1,0,1,0,0,0,0,0,0,
Tunisia,2,0,2,0,1,0,0,0,0,0,
Turkey,16,7,15,6,14,6,0,0,0,0,
Turkey/USA,2,0,2,0,1,0,0,0,0,0,
UAE,15,4,13,4,8,2,0,0,0,0,
UK,1149,119,1025,95,501,64,0,10,0,0,
UK/Australia,1,0,1,0,1,0,0,0,0,0,
UK/Bangladesh,1,0,1,0,0,0,0,0,0,0,
UK/Canada,2,0,2,0,0,0,0,0,0,0,
UK/Germany,1,0,1,0,1,0,0,0,0,0,
UK/Iceland,1,0,1,0,1,0,0,0,0,0,
UK/India,2,0,2,0,0,0,0,0,0,0,
UK/Iran,3,0,3,0,1,0,0,0,0,0,
UK/Jordan,1,0,1,0,0,0,0,0,0,0,
UK/Kenya,1,0,1,0,1,0,0,0,0,0,
UK/Nepal,6,0,6,0,3,0,0,0,0,0,
UK/Russia,0,1,0,1,0,1,0,0,0,0,
UK/S Africa,1,0,1,0,0,0,0,0,0,0,
UK/Sri Lanka,1,0,1,0,1,0,0,0,0,0,
UK/USA,3,0,3,0,0,0,0,0,0,0,
Ukraine,80,14,75,14,43,11,0,1,0,0,
Ukraine/Azerbaijan,0,1,0,1,0,1,0,0,0,0,
Uruguay,2,2,2,2,2,1,0,0,0,0,
USA,2161,296,1924,229,978,120,0,12,2,0,
USA/Australia,1,0,1,0,0,0,0,0,0,0,
USA/Brazil,0,1,0,1,0,1,0,0,0,0,
USA/Canada,4,0,4,0,1,0,0,0,0,0,
USA/China,1,0,1,0,0,0,0,0,0,0,
USA/Dominican Republic,1,0,1,0,1,0,0,0,0,0,
USA/Ethiopia,2,0,2,0,0,0,0,0,0,0,
USA/India,2,0,2,0,2,0,0,0,0,0,
USA/Iran,0,2,0,2,0,1,0,0,0,0,
USA/Ireland,1,3,1,3,0,1,0,0,0,0,
USA/Jamaica,4,0,4,0,1,0,0,0,0,0,
USA/Lativa,1,0,1,0,0,0,0,0,0,0,
USA/Latvia,1,0,1,0,1,0,0,0,0,0,
USA/New Zealand,1,0,1,0,1,0,0,0,0,0,
USA/Pakistan,0,1,0,1,0,1,0,0,0,0,
USA/Poland,1,2,0,1,0,1,0,0,0,0,
USA/Romania,0,1,0,1,0,0,0,0,0,0,
USA/Switzerland,1,1,1,0,0,0,0,0,0,0,
USA/UK,8,0,8,0,2,0,0,0,0,0,
USA/Ukraine,0,1,0,1,0,1,0,0,0,0,
USSR,41,2,37,2,19,1,0,0,0,0,
Uzbekistan,18,1,15,1,12,1,0,0,0,0,
Venezuela,9,1,8,1,3,0,0,0,0,0,
Vietnam,8,2,8,2,5,1,0,0,0,0,
W Germany/Iran,1,0,1,0,0,0,0,0,0,0,
Yugoslavia,17,1,13,1,3,1,0,1,0,0,
Totals,12627,2076,11266,1790,5411,1033,7024,140,12,82,
,,,,,,,,,,,
,,,,,,,,,,,