Citizenship,Total_Members,Female_Share,Above_BC_Rate,Success_Rate,Fatality_Rate,Total_Success,Total_Deaths,Hired_Success_Share,Hired_Death_Share
USA,2457.0,0.12047212047212047,0.8762718762718763,0.4468864468864469,0.005698005698005698,1098.0,14.0,0.0,0.0
India,1311.0,0.19679633867276888,0.8749046529366895,0.5049580472921434,0.016781083142639208,662.0,22.0,0.012084592145015106,0.045454545454545456
UK,1268.0,0.09384858044164038,0.8832807570977917,0.44558359621451105,0.007886435331230283,565.0,10.0,0.0,0.0
China,1179.0,0.18405428329092452,0.916030534351145,0.8795589482612384,0.0033927056827820186,1037.0,4.0,0.2815814850530376,0.0
Japan,648.0,0.13271604938271606,0.8333333333333334,0.3873456790123457,0.013888888888888888,251.0,9.0,0.0,0.0
Nepal,581.0,0.20654044750430292,0.9173838209982789,12.14974182444062,0.1514629948364888,7059.0,88.0,0.9524011899702507,0.9204545454545454
S Korea,554.0,0.0703971119133574,0.8935018050541517,0.2292418772563177,0.019855595667870037,127.0,11.0,0.0,0.0
Russia,517.0,0.10831721470019343,0.9148936170212766,0.5454545454545454,0.017408123791102514,282.0,9.0,0.0,0.0
Spain,483.0,0.06625258799171843,0.8964803312629399,0.2028985507246377,0.008281573498964804,98.0,4.0,0.0,0.0
France,440.0,0.17272727272727273,0.9431818181818182,0.35,0.00909090909090909,154.0,4.0,0.0,0.0
Canada,424.0,0.14858490566037735,0.8466981132075472,0.4009433962264151,0.007075471698113208,170.0,3.0,0.0,0.0
Australia,346.0,0.18208092485549132,0.8757225433526011,0.4190751445086705,0.017341040462427744,145.0,6.0,0.0,0.0
Italy,293.0,0.06143344709897611,0.9146757679180887,0.2764505119453925,0.006825938566552901,81.0,2.0,0.0,0.0
Germany,289.0,0.11418685121107267,0.903114186851211,0.3633217993079585,0.02422145328719723,105.0,7.0,0.0,0.0
Switzerland,251.0,0.16733067729083664,0.9083665338645418,0.3386454183266932,0.00796812749003984,85.0,2.0,0.0,0.0
Austria,242.0,0.128099173553719,0.8842975206611571,0.3884297520661157,0.012396694214876033,94.0,3.0,0.0,0.0
New Zealand,233.0,0.12875536480686695,0.8240343347639485,0.45064377682403434,0.012875536480686695,105.0,3.0,0.0,0.0
Norway,175.0,0.22285714285714286,0.8742857142857143,0.4114285714285714,0.0,72.0,0.0,0.0,
Poland,171.0,0.21052631578947367,0.935672514619883,0.4502923976608187,0.011695906432748537,77.0,2.0,0.0,0.0
Brazil,132.0,0.17424242424242425,0.9545454545454546,0.3787878787878788,0.007575757575757576,50.0,1.0,0.0,0.0
S Africa,128.0,0.1953125,0.7890625,0.3515625,0.0,45.0,0.0,0.0,
Mexico,124.0,0.12903225806451613,0.8709677419354839,0.5241935483870968,0.0,65.0,0.0,0.0,
Netherlands,120.0,0.09166666666666666,0.8916666666666667,0.30833333333333335,0.008333333333333333,37.0,1.0,0.0,0.0
Ireland,106.0,0.11320754716981132,0.9528301886792453,0.4716981132075472,0.02830188679245283,50.0,3.0,0.0,0.0
Malaysia,105.0,0.05714285714285714,0.7428571428571429,0.3047619047619048,0.01904761904761905,32.0,2.0,0.0,0.0
Sweden,103.0,0.10679611650485436,0.912621359223301,0.42718446601941745,0.009708737864077669,44.0,1.0,0.0,0.0
Czech Republic,97.0,0.07216494845360824,0.9072164948453608,0.20618556701030927,0.020618556701030927,20.0,2.0,0.0,0.0
Ukraine,94.0,0.14893617021276595,0.9468085106382979,0.574468085106383,0.010638297872340425,54.0,1.0,0.0,0.0
Belgium,80.0,0.0875,0.925,0.275,0.0125,22.0,1.0,0.0,0.0
Iran,75.0,0.14666666666666667,0.9466666666666667,0.56,0.0,42.0,0.0,0.0,
Chile,74.0,0.13513513513513514,0.7972972972972973,0.4594594594594595,0.0,34.0,0.0,0.0,
Argentina,69.0,0.10144927536231885,0.8985507246376812,0.5362318840579711,0.0,37.0,0.0,0.0,
Hungary,69.0,0.13043478260869565,0.855072463768116,0.11594202898550725,0.043478260869565216,8.0,3.0,0.0,0.0
Denmark,69.0,0.10144927536231885,0.9130434782608695,0.37681159420289856,0.014492753623188406,26.0,1.0,0.0,0.0
Taiwan,65.0,0.18461538461538463,0.9230769230769231,0.24615384615384617,0.03076923076923077,16.0,2.0,0.0,0.0
Singapore,57.0,0.2807017543859649,0.8771929824561403,0.40350877192982454,0.017543859649122806,23.0,1.0,0.0,0.0
Ecuador,56.0,0.14285714285714285,0.9821428571428571,0.6071428571428571,0.0,34.0,0.0,0.0,
Finland,52.0,0.17307692307692307,0.9615384615384616,0.40384615384615385,0.0,21.0,0.0,0.0,
Kazakhstan,50.0,0.12,0.72,0.42,0.0,21.0,0.0,0.0,
USSR,43.0,0.046511627906976744,0.9069767441860465,0.46511627906976744,0.0,20.0,0.0,0.0,
Indonesia,43.0,0.09302325581395349,0.8372093023255814,0.27906976744186046,0.0,12.0,0.0,0.0,
Colombia,42.0,0.09523809523809523,0.9523809523809523,0.30952380952380953,0.0,13.0,0.0,0.0,
Romania,41.0,0.21951219512195122,0.8536585365853658,0.4146341463414634,0.0,17.0,0.0,0.0,
Greece,36.0,0.16666666666666666,0.8888888888888888,0.4444444444444444,0.0,16.0,0.0,0.0,
Mongolia,36.0,0.3055555555555556,0.9722222222222222,0.5555555555555556,0.05555555555555555,20.0,2.0,0.0,0.0
Pakistan,35.0,0.05714285714285714,0.8857142857142857,0.42857142857142855,0.0,15.0,0.0,0.0,
Philippines,30.0,0.13333333333333333,0.6666666666666666,0.36666666666666664,0.03333333333333333,11.0,1.0,0.0,0.0
Croatia,30.0,0.43333333333333335,0.8666666666666667,0.23333333333333334,0.0,7.0,0.0,0.0,
Slovakia,28.0,0.07142857142857142,0.8571428571428571,0.21428571428571427,0.03571428571428571,6.0,1.0,0.0,0.0
Slovenia,27.0,0.07407407407407407,0.9259259259259259,0.4444444444444444,0.037037037037037035,12.0,1.0,0.0,0.0
Lithuania,27.0,0.1111111111111111,1.0,0.37037037037037035,0.0,10.0,0.0,0.0,
Thailand,26.0,0.15384615384615385,0.7307692307692307,0.23076923076923078,0.0,6.0,0.0,0.0,
Bulgaria,25.0,0.32,0.92,0.56,0.08,14.0,2.0,0.0,0.0
Serbia,25.0,0.12,0.8,0.4,0.0,10.0,0.0,0.0,
Georgia,24.0,0.041666666666666664,0.875,0.5,0.0,12.0,0.0,0.0,
Turkey,23.0,0.30434782608695654,0.9130434782608695,0.8695652173913043,0.0,20.0,0.0,0.0,
Latvia,20.0,0.1,0.95,0.5,0.0,10.0,0.0,0.0,
Estonia,20.0,0.3,0.95,0.5,0.0,10.0,0.0,0.0,
UAE,19.0,0.21052631578947367,0.8947368421052632,0.5263157894736842,0.0,10.0,0.0,0.0,
Uzbekistan,19.0,0.05263157894736842,0.8421052631578947,0.6842105263157895,0.0,13.0,0.0,0.0,
Peru,18.0,0.1111111111111111,0.8888888888888888,0.3333333333333333,0.0,6.0,0.0,0.0,
Yugoslavia,18.0,0.05555555555555555,0.7777777777777778,0.2222222222222222,0.05555555555555555,4.0,1.0,0.0,0.0
Israel,18.0,0.16666666666666666,0.9444444444444444,0.6111111111111112,0.0,11.0,0.0,0.0,
Iceland,18.0,0.16666666666666666,0.8888888888888888,0.6666666666666666,0.0,12.0,0.0,0.0,
Bahrain,15.0,0.0,0.9333333333333333,0.6666666666666666,0.0,10.0,0.0,0.0,
Portugal,13.0,0.15384615384615385,0.7692307692307693,0.38461538461538464,0.0,5.0,0.0,0.0,
Czechoslovakia,13.0,0.23076923076923078,0.6923076923076923,0.07692307692307693,0.0,1.0,0.0,0.0,
Bangladesh,12.0,0.25,1.0,0.6666666666666666,0.08333333333333333,8.0,1.0,0.0,0.0
Morocco,10.0,0.6,0.8,0.6,0.0,6.0,0.0,0.0,
Venezuela,10.0,0.1,0.9,0.3,0.0,3.0,0.0,0.0,
Vietnam,10.0,0.2,1.0,0.6,0.0,6.0,0.0,0.0,
Guatemala,10.0,0.7,0.8,0.3,0.0,3.0,0.0,0.0,
Lebanon,9.0,0.3333333333333333,0.8888888888888888,0.6666666666666666,0.0,6.0,0.0,0.0,
Montenegro,9.0,0.0,1.0,0.3333333333333333,0.0,3.0,0.0,0.0,
Belarus,9.0,0.2222222222222222,1.0,0.7777777777777778,0.0,7.0,0.0,0.0,
Malta,8.0,0.0,0.875,0.875,0.0,7.0,0.0,0.0,
Myanmar,8.0,0.0,0.375,0.25,0.0,2.0,0.0,0.0,
Costa Rica,8.0,0.5,1.0,0.25,0.0,2.0,0.0,0.0,
Andorra,7.0,0.2857142857142857,1.0,0.14285714285714285,0.0,1.0,0.0,0.0,
Macedonia,7.0,0.14285714285714285,1.0,0.5714285714285714,0.14285714285714285,4.0,1.0,0.0,0.0
Albania,6.0,0.0,1.0,1.0,0.0,6.0,0.0,0.0,
Azerbaijan,6.0,0.16666666666666666,1.0,0.5,0.0,3.0,0.0,0.0,
Kuwait,6.0,0.0,0.8333333333333334,0.3333333333333333,0.0,2.0,0.0,0.0,
Kyrgyz Republic,6.0,0.3333333333333333,0.8333333333333334,0.8333333333333334,0.0,5.0,0.0,0.0,
Kenya,6.0,0.16666666666666666,0.8333333333333334,0.16666666666666666,0.16666666666666666,1.0,1.0,0.0,0.0
Dominican Republic,6.0,0.0,1.0,0.3333333333333333,0.0,2.0,0.0,0.0,
Luxembourg,6.0,0.0,1.0,0.5,0.0,3.0,0.0,0.0,
Qatar,6.0,0.6666666666666666,1.0,0.5,0.0,3.0,0.0,0.0,
Moldova,5.0,0.2,1.0,0.8,0.2,4.0,1.0,0.0,0.0
Kosovo,5.0,0.6,1.0,1.0,0.0,5.0,0.0,0.0,
Saudi Arabia,5.0,0.4,1.0,1.0,0.0,5.0,0.0,0.0,
Cyprus,5.0,0.2,1.0,0.8,0.0,4.0,0.0,0.0,
Bolivia,5.0,0.0,1.0,0.6,0.0,3.0,0.0,0.0,
Oman,5.0,0.2,0.8,0.6,0.0,3.0,0.0,0.0,
Jordan,4.0,0.0,1.0,0.25,0.0,1.0,0.0,0.0,
San Marino,4.0,0.0,1.0,0.25,0.0,1.0,0.0,0.0,
Bosnia-Herzegovina,4.0,0.0,1.0,0.25,0.0,1.0,0.0,0.0,
Algeria,4.0,0.0,1.0,0.25,0.0,1.0,0.0,0.0,
Mauritius,4.0,0.0,0.5,0.25,0.0,1.0,0.0,0.0,
Uruguay,4.0,0.5,1.0,0.75,0.0,3.0,0.0,0.0,
Egypt,3.0,0.3333333333333333,1.0,1.0,0.0,3.0,0.0,0.0,
Bhutan,3.0,0.0,1.0,0.6666666666666666,0.0,2.0,0.0,0.0,
Sri Lanka,3.0,0.3333333333333333,1.0,0.6666666666666666,0.0,2.0,0.0,0.0,
Palestine,3.0,0.3333333333333333,1.0,0.6666666666666666,0.0,2.0,0.0,0.0,
Tanzania,2.0,0.5,1.0,1.0,0.0,2.0,0.0,0.0,
Tunisia,2.0,0.0,1.0,0.5,0.0,1.0,0.0,0.0,
El Salvador,2.0,1.0,1.0,0.5,0.0,1.0,0.0,0.0,
Cuba,2.0,0.0,1.0,0.5,0.0,1.0,0.0,0.0,
Iraq,2.0,0.0,1.0,0.5,0.0,1.0,0.0,0.0,
Armenia,1.0,0.0,1.0,1.0,0.0,1.0,0.0,0.0,
Honduras,1.0,0.0,1.0,1.0,0.0,1.0,0.0,0.0,
Hong Kong,1.0,0.0,1.0,1.0,0.0,1.0,0.0,0.0,
Dominica,1.0,1.0,1.0,1.0,0.0,1.0,0.0,0.0,
Botswana,1.0,1.0,1.0,0.0,0.0,0.0,0.0,,
Panama,1.0,0.0,1.0,1.0,0.0,1.0,0.0,0.0,
Syria,1.0,0.0,1.0,1.0,0.0,1.0,0.0,0.0,
Tajikistan,1.0,0.0,1.0,1.0,0.0,1.0,0.0,0.0,
Trinidad & Tobago,1.0,1.0,1.0,0.0,0.0,0.0,0.0,,
